{"cameraMode":{"drawMode":0,"name":"Shaded","section":"Shading Mode"},"sceneLighting":true,"audioPlay":false,"sceneViewState":{"m_AlwaysRefresh":false,"showFog":true,"showSkybox":true,"showFlares":true,"showImageEffects":true,"showParticleSystems":true,"showVisualEffectGraphs":true,"m_FxEnabled":true},"in2DMode":false,"pivot":{"x":4.141496181488037,"y":1.4894192218780518,"z":-1.1195441484451295},"rotation":{"x":0.06010763719677925,"y":-0.8752463459968567,"z":0.1127316877245903,"w":0.46640363335609438},"size":0.25017058849334719,"orthographic":false}