{"cameraMode":{"drawMode":0,"name":"Shaded","section":"Shading Mode"},"sceneLighting":true,"audioPlay":false,"sceneViewState":{"m_AlwaysRefresh":false,"showFog":true,"showSkybox":true,"showFlares":true,"showImageEffects":true,"showParticleSystems":true,"showVisualEffectGraphs":true,"m_FxEnabled":true},"in2DMode":false,"pivot":{"x":3.885934829711914,"y":1.4317952394485474,"z":-0.2815457880496979},"rotation":{"x":0.18077826499938966,"y":-0.6981889605522156,"z":0.18937942385673524,"w":0.6662563681602478},"size":0.8177404403686523,"orthographic":false}