{"cameraMode":{"drawMode":0,"name":"Shaded","section":"Shading Mode"},"sceneLighting":true,"audioPlay":false,"sceneViewState":{"m_AlwaysRefresh":false,"showFog":true,"showSkybox":true,"showFlares":true,"showImageEffects":true,"showParticleSystems":true,"showVisualEffectGraphs":true,"m_FxEnabled":true},"in2DMode":false,"pivot":{"x":4.415861129760742,"y":1.2421581745147706,"z":0.24671024084091187},"rotation":{"x":0.21241655945777894,"y":-0.673332691192627,"z":0.21158336102962495,"w":0.6757579445838928},"size":1.0593138933181763,"orthographic":false}