{"cameraMode":{"drawMode":0,"name":"Shaded","section":"Shading Mode"},"sceneLighting":true,"audioPlay":false,"sceneViewState":{"m_AlwaysRefresh":false,"showFog":true,"showSkybox":true,"showFlares":true,"showImageEffects":true,"showParticleSystems":true,"showVisualEffectGraphs":true,"m_FxEnabled":true},"in2DMode":false,"pivot":{"x":-3.5811376571655275,"y":1.358975887298584,"z":-0.28135204315185549},"rotation":{"x":-0.10469967871904373,"y":0.04503145441412926,"z":-0.004745758604258299,"w":-0.9934727549552918},"size":5.703395366668701,"orthographic":false}