{"cameraMode":{"drawMode":0,"name":"Shaded","section":"Shading Mode"},"sceneLighting":true,"audioPlay":false,"sceneViewState":{"m_AlwaysRefresh":false,"showFog":true,"showSkybox":true,"showFlares":true,"showImageEffects":true,"showParticleSystems":true,"showVisualEffectGraphs":true,"m_FxEnabled":true},"in2DMode":false,"pivot":{"x":-2.8845410346984865,"y":1.120225191116333,"z":-3.9332361221313478},"rotation":{"x":-0.11075197905302048,"y":-0.019085023552179338,"z":0.0021268436685204508,"w":-0.9936637282371521},"size":4.691087245941162,"orthographic":false}