{"cameraMode":{"drawMode":0,"name":"Shaded","section":"Shading Mode"},"sceneLighting":true,"audioPlay":false,"sceneViewState":{"m_AlwaysRefresh":false,"showFog":true,"showSkybox":true,"showFlares":true,"showImageEffects":true,"showParticleSystems":true,"showVisualEffectGraphs":true,"m_FxEnabled":true},"in2DMode":false,"pivot":{"x":-0.35621315240859988,"y":0.4309730529785156,"z":6.334205150604248},"rotation":{"x":0.08082357794046402,"y":-0.046032343059778216,"z":0.0037368126213550569,"w":0.9956594705581665},"size":5.372337341308594,"orthographic":false}